code,system
F255300,readv2
F255400,readv2
667C.00,readv2
667D.00,readv2
3453T,readv2
F254000,readv2
F255z00,readv2
F254z00,readv2
F255y00,readv2
F255.00,readv2
F254.00,readv2
F253.00,readv2
3451,readv2
F251000,readv2
3459C,readv2
Eu05y11,readv2
F253.11,readv2
F250300,readv2
F250011,readv2
F255600,readv2
2932,readv2
1B1W.00,readv2
F250200,readv2
3459F,readv2
F255012,readv2
F254100,readv2
F254200,readv2
8BIF.00,readv2
3459BA,readv2
6674.00,readv2
9N4V.00,readv2
667N.00,readv2
6672.00,readv2
F255200,readv2
F255100,readv2
3459D,readv2
F25C.00,readv2
F25y400,readv2
3459CL,readv2
3453P,readv2
6676.00,readv2
Eu80300,readv2
F257.00,readv2
3459A,readv2
F25z.11,readv2
SC20000,readv2
667X.00,readv2
F25y100,readv2
F255500,readv2
F25E.00,readv2
8BL3.00,readv2
6675.00,readv2
F25y000,readv2
9N0r.00,readv2
F25D.00,readv2
F25z.00,readv2
667..00,readv2
3459M,readv2
667M.00,readv2
F25B.00,readv2
F25F.00,readv2
667E.00,readv2
3032EP,readv2
342 E,readv2
667R.00,readv2
667F.00,readv2
F252.00,readv2
F250000,readv2
667J.00,readv2
F255000,readv2
F255011,readv2
F254500,readv2
F25y300,readv2
667G.00,readv2
667H.00,readv2
F255311,readv2
F251y00,readv2
F250y00,readv2
F25X.00,readv2
667S.00,readv2
667T.00,readv2
667V.00,readv2
667Q.00,readv2
F25y200,readv2
F250.00,readv2
F250z00,readv2
3450,readv2
3459AB,readv2
F251.00,readv2
F251z00,readv2
F251200,readv2
F132100,readv2
F251300,readv2
F251011,readv2
F251400,readv2
F251500,readv2
F250100,readv2
667B.00,readv2
3459N,readv2
F251111,readv2
667P.00,readv2
667A.00,readv2
667W.00,readv2
6679.00,readv2
6678.00,readv2
212J.00,readv2
3459R,readv2
2126000,readv2
3453AT,readv2
F254400,readv2
Eu06013,readv2
F254300,readv2
F25yz00,readv2
F25y.00,readv2
667L.00,readv2
667K.00,readv2
F250500,readv2
Eu05212,readv2